Template,Asset,SteadyArmType,CantileverType,DualWire,WireOffset
InnerCantileverSingle,PolesAndCantilevers/InnerCantileverSingle,cantilever,Inner,False,0.3
InnerCantileverDual,PolesAndCantilevers/InnerCantileverDual,cantilever,Inner,True,0.3
InnerOutwardCantileverSingle,PolesAndCantilevers/InnerOutwardCantileverSingle,cantilever,OutwardsInner,False,0.3
InnerOutwardCantileverDual,PolesAndCantilevers/InnerOutwardCantileverDual,cantilever,OutwardsInner,True,0.3
MiddleInwardCantileverSingle,PolesAndCantilevers/MiddleInwardCantileverSingle,cantilever,MiddleInner,False,0
MiddleInwardCantileverDual,PolesAndCantilevers/MiddleInwardCantileverDual,cantilever,MiddleInner,True,0
MiddleCantileverSingle,PolesAndCantilevers/MiddleCantileverSingle,cantilever,Middle,False,0
MiddleCantileverDual,PolesAndCantilevers/MiddleCantileverDual,cantilever,Middle,True,0
OuterInwardCantileverSingle,PolesAndCantilevers/OuterInwardCantileverSingle,cantilever,InwardsOuter,False,-0.3
OuterInwardCantileverDual,PolesAndCantilevers/OuterInwardCantileverDual,cantilever,InwardsOuter,True,-0.3
OuterCantileverSingle,PolesAndCantilevers/OuterCantileverSingle,cantilever,Outer,False,-0.3
OuterCantileverDual,PolesAndCantilevers/OuterCantileverDual,cantilever,Outer,True,-0.3
RegistrationArmInnerSingle,Gantries/RegistrationArmInnerSingle,gantry,Inner,False,-0.3
RegistrationArmInnerDual,Gantries/RegistrationArmInnerDual,gantry,Inner,True,-0.3
RegistrationArmInnerOutwardSingle,Gantries/RegistrationArmInnerOutwardSingle,gantry,OutwardsInner,False,-0.3
RegistrationArmInnerOutwardDual,Gantries/RegistrationArmInnerOutwardDual,gantry,OutwardsInner,True,-0.3
RegistrationArmMiddleInnerSingle,Gantries/RegistrationArmMiddleInnerSingle,gantry,MiddleInner,False,0
RegistrationArmMiddleInnerDual,Gantries/RegistrationArmMiddleInnerDual,gantry,MiddleInner,True,0
RegistrationArmMiddleSingle,Gantries/RegistrationArmMiddleSingle,gantry,Middle,False,0
RegistrationArmMiddleDual,Gantries/RegistrationArmMiddleDual,gantry,Middle,True,0
RegistrationArmOuterSingle,Gantries/RegistrationArmOuterSingle,gantry,Outer,False,0.3
RegistrationArmOuterDual,Gantries/RegistrationArmOuterDual,gantry,Outer,True,0.3
TrussArmInnerSingle,Gantries/TrussArmInnerSingle,truss_gantry,Inner,False,-0.3
TrussArmInnerDual,Gantries/TrussArmInnerDual,truss_gantry,Inner,True,-0.3
TrussArmInnerOutwardSingle,Gantries/TrussArmInnerOutwardSingle,truss_gantry,OutwardsInner,False,-0.3
TrussArmInnerOutwardDual,Gantries/TrussArmInnerOutwardDual,truss_gantry,OutwardsInner,True,-0.3
TrussArmMiddleInnerSingle,Gantries/TrussArmMiddleInnerSingle,truss_gantry,MiddleInner,False,0
TrussArmMiddleInnerDual,Gantries/TrussArmMiddleInnerDual,truss_gantry,MiddleInner,True,0
TrussArmMiddleSingle,Gantries/TrussArmMiddleSingle,truss_gantry,Middle,False,0
TrussArmMiddleDual,Gantries/TrussArmMiddleDual,truss_gantry,Middle,True,0
TrussArmInwardsOuterSingle,Gantries/TrussArmInwardsOuterSingle,truss_gantry,InwardsOuter,False,0.3
TrussArmInwardsOuterDual,Gantries/TrussArmInwardsOuterDual,truss_gantry,InwardsOuter,True,0.3
TrussArmOuterSingle,Gantries/TrussArmOuterSingle,truss_gantry,Outer,False,0.3
TrussArmOuterDual,Gantries/TrussArmOuterDual,truss_gantry,Outer,True,0.3
TunnelInnerSingle,BridgesAndTunnels/TunnelInnerSingle,tunnel,Inner,False,0.3
TunnelInnerDual,BridgesAndTunnels/TunnelInnerDual,tunnel,Inner,True,0.3
TunnelOutwardsInnerSingle,BridgesAndTunnels/TunnelOutwardsInnerSingle,tunnel,OutwardsInner,False,0.3
TunnelOutwardsInnerDual,BridgesAndTunnels/TunnelOutwardsInnerDual,tunnel,OutwardsInner,True,0.3
TunnelMiddleInnerSingle,BridgesAndTunnels/TunnelMiddleInnerSingle,tunnel,MiddleInner,False,0
TunnelMiddleInnerDual,BridgesAndTunnels/TunnelMiddleInnerDual,tunnel,MiddleInner,True,0
TunnelMiddleSingle,BridgesAndTunnels/TunnelMiddleSingle,tunnel,Middle,False,0
TunnelMiddleDual,BridgesAndTunnels/TunnelMiddleDual,tunnel,Middle,True,0
TunnelInwardsOuterSingle,BridgesAndTunnels/TunnelInwardsOuterSingle,tunnel,InwardsOuter,False,-0.3
TunnelInwardsOuterDual,BridgesAndTunnels/TunnelInwardsOuterDual,tunnel,InwardsOuter,True,-0.3
TunnelOuterSingle,BridgesAndTunnels/TunnelOuterSingle,tunnel,Outer,False,-0.3
TunnelOuterDual,BridgesAndTunnels/TunnelOuterDual,tunnel,Outer,True,-0.3
TrolleyInnerSingle,Trolley/TrolleyInnerSingle,trolley,Inner,False,0.3
TrolleyMiddleSingle,Trolley/TrolleyMiddleSingle,trolley,Middle,False,0
TrolleyOuterSingle,Trolley/TrolleyOuterSingle,trolley,Outer,False,-0.3
