Template,Asset
PoleAnchor,PolesAndCantilevers/PoleAnchor
PoleFoundation,PolesAndCantilevers/PoleFoundation
Signs/DropPantographs,Signs/DropPantographs
Signs/DropPantographsOtherSide,Signs/DropPantographsOtherSide
Signs/DropPantographsWarning,Signs/DropPantographsWarning
Signs/DropPantographsWarningOtherSide,Signs/DropPantographsWarningOtherSide
Signs/RaisePantographs,Signs/RaisePantographs
Signs/RaisePantographsOtherSide,Signs/RaisePantographsOtherSide
Signs/NeutralBegin,Signs/NeutralBegin
Signs/NeutralBeginOtherSide,Signs/NeutralBeginOtherSide
Signs/NeutralEnd,Signs/NeutralEnd
Signs/NeutralEndOtherSide,Signs/NeutralEndOtherSide
Signs/NeutralEndLowVoltage,Signs/NeutralEndLowVoltage
Signs/NeutralEndLowVoltageOtherSide,Signs/NeutralEndLowVoltageOtherSide
Signs/NeutralWarning,Signs/NeutralWarning
Signs/NeutralWarningOtherSide,Signs/NeutralWarningOtherSide
