Template,Asset,Type,DefaultLength,ContactHeight,ResistancePer1m,IsEndAnchor,FixedPart,FixedPartAsset,FixedPartLength
WireDual,Wires/WireDual,plain_dual,40,6,2.200E-05,False,,,0
WireSingle,Wires/WireSingle,plain_single,40,6,3.300E-05,False,,,0
WireQuad,Wires/WireQuad,plain_quad,40,6,1.600E-05,False,,,0
WireMidpointAnchorDual,Wires/WireMidpointAnchorDual,middle_anchor_dual,40,6,2.200E-05,False,,,0
WireMidpointAnchorSingle,Wires/WireMidpointAnchorSingle,middle_anchor_single,40,6,3.300E-05,False,,,0
WireMidpointAnchorQuad,Wires/WireMidpointAnchorQuad,middle_anchor_quad,40,6,1.600E-05,False,,,0
WireDualEnd,Wires/WireDualEnd,end_anchor_dual,40,6,2.200E-05,True,WireDualFixedEnd,Wires/WireDualFixedEnd,4.994701
WireSingleEnd,Wires/WireSingleEnd,end_anchor_single,40,6,3.300E-05,True,WireSingleFixedEnd,Wires/WireSingleFixedEnd,4.994701
WireQuadEnd,Wires/WireQuadEnd,end_anchor_quad,40,6,1.600E-05,True,WireQuadFixedEnd,Wires/WireQuadFixedEnd,4.994701
WireSingleWallEnd,Wires/WireSingleWallEnd,wall_anchor_single,40,6,3.300E-05,True,,,0
SideRail,SideRail/SideRail,side_rail,10,4.5,2.314E-05,False,,,0
SideRailEnd,SideRail/SideRailEnd,termination_rail,10,4.5,2.314E-05,False,,,0
TrolleyWire,Trolley/TrolleyWire,trolley,40,6,6.600E-05,False,,,0
TrolleyWireEnd,Trolley/TrolleyWireEnd,trolley_anchor,40,6,6.600E-05,True,,,0
WireHalf1Dual,Wires/WireHalf1Dual,plain_half1_dual,20,6,2.200E-05,False,,,0
WireHalf2Dual,Wires/WireHalf2Dual,plain_half2_dual,20,6,2.200E-05,False,,,0
WireHalf1Single,Wires/WireHalf1Single,plain_half1_single,20,6,3.300E-05,False,,,0
WireHalf2Single,Wires/WireHalf2Single,plain_half2_single,20,6,3.300E-05,False,,,0
WireHalf1Quad,Wires/WireHalf1Quad,plain_half1_quad,20,6,1.600E-05,False,,,0
WireHalf2Quad,Wires/WireHalf2Quad,plain_half2_quad,20,6,1.600E-05,False,,,0
